{"cameraMode":{"drawMode":0,"name":"Shaded","section":"Shading Mode"},"sceneLighting":false,"audioPlay":false,"sceneViewState":{"showFog":true,"showMaterialUpdate":false,"showSkybox":false,"showFlares":true,"showImageEffects":true,"showParticleSystems":true},"in2DMode":false,"pivot":{"x":8.460000038146973,"y":1.9099998474121094,"z":8.449999809265137},"rotation":{"x":0.13385887444019319,"y":-0.8324306011199951,"z":0.22903838753700257,"w":0.48650404810905459},"size":1.2247447967529297,"orthographic":true}